zone,zone_savings
center,7.01400000000001
center_north,10.071000000000012
center_south,10.071000000000012
east,10.071000000000012
field2,10.071000000000012
industrial,10.071000000000012
north,10.071000000000012
school_sports,10.071000000000012
south,10.071000000000012
south_west,10.071000000000012
turistic,10.071000000000012
total,107.72400000000013
