zone,zone_savings
center,0.0
center_north,9.700000000000003
center_south,9.700000000000003
east,9.700000000000003
field2,9.700000000000003
industrial,0.0
north,9.700000000000003
school_sports,9.700000000000003
south,9.700000000000003
south_west,9.700000000000003
turistic,0.0
total,77.60000000000002
