zone,zone_savings
center,0.0
center_north,10.071000000000012
center_south,10.071000000000012
east,10.071000000000012
field2,10.071000000000012
industrial,0.0
north,10.071000000000012
school_sports,10.071000000000012
south,10.071000000000012
south_west,10.071000000000012
turistic,0.0
total,80.5680000000001
